ax_mean,ay_mean,az_mean,ax_std,ay_std,az_std,smv,heart_mean,heart_std,label
-0.0064563820018365,0.0156969696969697,-0.0052176308539944,0.1384216823588595,0.177580121985874,0.1751564941661179,0.1263158754045342,291.2121212121212,461.6335131455869,1
-0.0094289127837514,0.0143835125448028,0.0025400238948626,0.30254905705341,0.3018915910173204,0.4572414245468407,0.1105244271136696,256.6666666666667,443.4999686834512,1
-0.0730805452292441,-0.0318971499380421,0.0279219330855018,0.6597271691770655,0.7770502818988384,0.5517425994176309,0.1857693390253866,280.1524163568773,456.1913475094507,1
0.0158121484814398,-0.0262328458942632,-0.030156355455568,0.2197425163360751,0.2444586563136628,0.5422863248484612,0.1314842863938944,278.4769403824522,455.3377907515219,1
-0.0207663885578069,-0.0368045292014302,-0.0208545887961859,0.2531176668907206,0.3307376447904177,0.3106348803904297,0.1175443492240485,447.4862932061978,507.4785663873079,1
-0.0352873134328358,0.0662369402985074,0.0710671641791044,0.124473059137274,0.1522515955151435,0.1544737550892096,0.1498756615225881,302.51026119402985,466.8570863485017,0
0.0088109833971902,0.0173473818646232,-0.0112745849297573,0.13049200552693,0.0836313789831103,0.1963216922575836,0.0454784560232577,261.3026819923372,446.1317653583664,0
0.0915786463298379,0.1865900857959962,0.0673555767397521,0.3337752161425964,0.3535150008168911,0.3386119937855709,0.5847190434791493,317.91992373689226,473.4543315611014,0
0.0559001919385796,0.1867447216890595,0.050056621880998,0.1246192805561624,0.2251156028378428,0.1157327554770721,0.2786731496228323,338.70921305182344,481.430777937836,0
-0.0144357277882797,0.3225746691871455,-0.0525689981096408,0.1238957582508822,0.2244944848433466,0.1563992318376663,0.3954215584485641,329.7192816635161,478.1087956114925,0
0.0372132075471698,0.0139283018867924,-0.0062566037735849,0.0836561573092463,0.1727404819509995,0.1517770342204891,0.2098742865091515,296.28396226415094,464.0197270604792,0
-0.1252985746436609,-0.0367434358589647,0.0244906226556639,0.3264351211918775,0.3749140279095711,0.2611510747068495,0.514277829504391,351.48837209302326,485.8276741135268,0
0.0461862197392923,0.1882886405959031,0.0270074487895716,0.1268553361478078,0.2777671655377075,0.315618230982465,0.4259750978896937,308.6145251396648,469.5420472020544,0
-0.2803222748815166,-0.0501364928909952,-0.0685175355450237,0.2110563735625275,0.4540734332588636,0.3580725911015696,0.6549698060025336,296.71848341232226,464.2210143156997,0
0.0087225325884543,0.0139664804469273,-0.0034506517690875,0.1791333245526375,0.0439504841717916,0.0915794771626143,0.1864808932635131,295.2793296089385,463.5524476212373,0
0.0172221163012392,0.0353422306959008,0.0178245948522402,0.0439164130098408,0.1018351260012166,0.0877894055066524,0.1255095553432413,264.28312678741656,447.79020489398096,0
-0.0437420634920634,0.0186063492063492,0.0137801587301587,0.0533710816608279,0.1875508074003228,0.1221890679908916,0.2128489231492142,296.3452380952381,464.0481423620886,0
-0.0501296060991105,0.009400254129606,0.002707750952986,0.5842649056940175,0.6530565014248787,0.2597454789367963,0.1282839353876254,311.9695044472681,470.9775274304298,1
-0.0016150061500615,0.0197257072570725,0.012710947109471,0.1473135008201656,0.3471053376359945,0.2241435553893892,0.0820937381255199,307.02583025830256,468.8523903196437,1
-0.0005651685393258,-0.0216797752808988,-0.0288258426966292,0.3465531214370758,0.2732502161064044,0.2112874287183272,0.1130994365651935,358.6247191011236,488.1202705175125,1
-0.0067587822014051,-0.00515925058548,-0.0134262295081967,0.3320819435377505,0.1832256141840305,0.2594265718797109,0.1047019939737525,366.5550351288056,490.53359432202825,1
-0.0210138089758342,0.0016214039125431,-0.0103728423475258,0.1919559004132026,0.2758315692477135,0.1622559429515798,0.0965715867138154,350.8101265822785,485.6037629394943,1
-0.0115763216679076,0.0010208488458674,-0.0308220402084884,0.1233135405499746,0.1777425988171539,0.1786486430195458,0.1782367341860425,322.210722263589,475.1860891630014,0
-0.0077731172545281,-0.0150209723546234,-0.0212421353670162,0.0711598584500399,0.1236076449650726,0.0880176800942149,0.1228425301473672,314.0190657769304,471.8405775454074,0
-0.0022421752738654,0.0123407668231611,-0.0104346635367762,0.171482513347573,0.06430635119815,0.2279095962707683,0.0405705926639737,278.5633802816901,455.3820167663711,0
-0.0210423484119345,0.0093849855630413,-0.0224080846968238,0.1352598829483346,0.1815280239788814,0.1701434116601795,0.2081639093479081,164.42829643888354,375.73059841751575,0
-0.0247199230028873,0.2458777670837343,0.0040769971126082,0.1509727888133255,0.2610087329719124,0.1802147255240224,0.3965621554549287,244.18094321462945,436.0880322588317,0
0.0187223264540337,0.0163470919324577,-0.0067626641651031,0.0792720267779525,0.1238389969404344,0.1138280728259013,0.1607363455739035,252.39118198874297,441.0157258293737,0
-0.1024341085271317,-0.0170387596899224,-0.0391331923890063,0.295598711125626,0.3275781428200452,0.2445171794386216,0.4445843832861553,317.2093023255814,473.1631587488481,0
0.0109042145593869,0.2249463601532567,0.0743333333333333,0.1970975661830057,0.3206071780855947,0.3416973156984929,0.5193156534688251,243.99137931034485,435.9717741513987,0
-0.4087038796516231,-0.0349564528899445,-0.1084703087885985,0.343561878345903,0.5669643412209272,0.4701378873530255,0.8646133754522765,294.02137767220904,462.9636042178759,0
-0.0352063645130183,0.0121571841851494,-0.0359440694310511,0.0977626760444962,0.133580574534395,0.0787049392351379,0.1616599811642282,241.6923818707811,434.5527576709617,0
-0.0238301544050862,0.0141298819255222,0.0125004541326067,0.0464746396801558,0.1347113455445525,0.0718117888318782,0.1291900617646348,167.24795640326977,378.31571534827225,0
-0.0175844004656577,0.0169080325960419,-0.0199150174621653,0.1211218449191059,0.2153869240422904,0.2012057912347372,0.0872807852216617,341.79394644935974,482.5267924045951,1
0.0036284680337756,0.0168504221954161,-0.0393775633293124,0.4688736388684687,0.3095332285955216,0.7668379427398111,0.1512324099788544,478.7985524728589,510.45358783108736,1
-0.1127020506634499,-0.0182702050663449,0.0124149577804583,0.7655845259361318,0.8284749730862336,0.6060148784282324,0.2259375793841581,489.9047044632087,511.0439249327583,1
0.0024212454212454,-0.0127130647130647,-0.0294273504273504,0.2162954263066696,0.7239910124056855,0.6892384770001404,0.1669463876971493,419.6923076923077,503.1933998306576,1
-0.0149022118742724,-0.0198242142025611,-0.0088579743888242,0.2858374494018511,0.165425272868982,0.1794593376459042,0.0974402502840527,426.34924330617,504.3625666467211,1
0.0052371888726207,0.0154011713030746,-0.0110549048316251,0.1051916926572788,0.1374332532208568,0.0952699750294984,0.1555169700027218,492.0285505124451,511.12925239596063,0
-0.0126047575480329,0.0213165599268069,-0.0042561756633119,0.1573902302829742,0.0892326772857157,0.1171204456271858,0.1675125213259405,492.3129002744739,511.1400054819841,0
-0.0768775654635527,-0.0197176220806794,-0.0047926397735314,0.2813754758320894,0.2268204304409106,0.5309479006535283,0.2060761305064017,275.1167728237792,453.6024910753414,0
-0.0369765421372719,-0.0096759339704604,-0.0340538662033014,0.1429556029050423,0.2139107093926121,0.1489749763542613,0.260928044449913,332.4083405734144,479.1225600238752,0
-0.0395055045871559,0.0052697247706422,-0.0029761467889908,0.0670102310891176,0.25071448489591,0.0566269895437307,0.1791903596369498,308.7770642201835,469.612245697248,0
-0.0952627737226277,0.0528658759124087,0.0557016423357664,0.3167014475217621,0.3732072980297946,0.2347660340152078,0.5077704689752391,346.28923357664235,484.0843445700416,0
-0.0148632162661737,0.0023604436229205,-0.0129001848428835,0.1082953095998977,0.1736844809298877,0.1140429890244114,0.1743420865036664,266.6229205175601,449.07400942845806,0
-0.0271226666666666,-0.0189573333333333,-0.0609146666666666,0.2614894245951662,0.1681895278864492,0.1769556574914241,0.3181176199195104,491.04,511.090636188925,0
-0.0290528266913809,0.0645560704355885,-0.0171872103799814,0.093935457841672,0.2154579887352978,0.321978939702807,0.3334524018592793,352.693234476367,486.222851400386,0
-0.1337539616346955,-0.0552210175145955,-0.0884303586321934,0.2352978529053905,0.3977364650179433,0.3291804263217199,0.5486435131697411,496.5688073394496,511.2820253888587,0
-0.0001564102564102,0.0365384615384615,-0.055359829059829,0.174898457419231,0.2661930582250517,0.2439125412683918,0.3729952345152491,340.125641025641,481.9367998878354,0
-0.0311912720519962,0.0018570102135561,-0.0032098421541318,0.1715696896339051,0.1860295899516506,0.2404460968934676,0.3081021171321298,303.95543175487467,467.5013392408032,0
-0.1814914965986394,0.016391156462585,-0.0206581632653061,0.1342514074558722,0.3202528816749532,0.2394760092326305,0.4006840588057561,262.7091836734694,446.9176430972249,0
-0.0146737907761529,-0.0059437570303712,-0.0013475815523059,0.1784931598079558,0.4566336070143668,0.1357567781332178,0.1029505464166119,260.0652418447694,445.435531128154,1
-0.0263382173382173,-0.0235897435897435,0.0026227106227106,0.4553912074110547,0.3809664564883463,0.3292459739720131,0.1279037034210669,279.79487179487177,456.00985029212376,1
-0.0494829210836277,-0.0676313309776207,0.0191213191990577,0.5829532586490611,0.7910480841174328,0.5708558558270767,0.2046130229025419,320.5159010600707,474.5074540532564,1
-0.0010593713620488,-0.0333690337601862,-0.0535704307334109,0.3330335329616283,0.4066086980298156,0.4562221066332044,0.1348015371317078,339.4121071012806,481.6824754105955,1
-0.0147730812013348,-0.0370022246941045,-0.0054427141268075,0.2515008424600937,0.3145212333439416,0.1611554766450717,0.0943880898720784,279.9310344827586,456.07901092823226,1
-0.0308824921135646,0.0153406940063091,-0.0091537854889589,0.1464689529319069,0.1892073429545204,0.1792055131404409,0.2267114352981725,283.98738170347,458.11598805963706,0
-0.0208106995884773,0.0097168724279835,-0.0130041152263374,0.1002037531676997,0.1551173048856637,0.1556808145933455,0.1738495051048977,274.48395061728394,453.2721504074676,0
-0.0735176730486008,-0.0194270986745213,-0.0325787923416789,0.5389784718649788,0.4316477405609193,0.6716533734755191,0.2715437063351645,222.2275405007364,421.8455809597238,0
-0.0266675951717734,0.0057790157845868,-0.0141513463324048,0.1723684082174361,0.290776317247488,0.2297503152632312,0.2985071040603014,167.17548746518105,378.249758846796,0
-0.2588557874762809,0.0723994307400379,-0.0073481973434535,0.237275694696759,0.4150296288543751,0.3258432720828313,0.5795827658799814,170.8235294117647,381.5387167608856,0
-0.0652014787430683,0.0014944547134935,-0.0091358595194085,0.2284623681838799,0.3771717452105159,0.252007578863549,0.4612421483784224,97.38354898336414,300.23293456479126,0
-0.0033832720588235,-0.0030248161764705,-0.0168933823529411,0.1028013824918459,0.2404883747533554,0.2000023291048962,0.2605566055320345,224.7215073529412,423.544975362807,0
-0.0845191304347826,0.0009043478260869,-0.0304121739130434,0.2376615589247621,0.2925104078092753,0.218394502697109,0.3649133952253114,285.5504347826087,458.8889233551752,0
-0.0641272384542884,0.0286748350612629,-0.033440150801131,0.3242564230970707,0.7016774332805698,0.5638255452492077,0.8499740413980614,171.6248821866164,382.25273614630754,0
-0.1303623548922056,-0.0164121061359867,-0.0734618573797678,0.1873920621344593,0.3111790478491024,0.2679153843820656,0.4344216383095258,309.61442786069654,469.9728351319745,0
-0.0108115055079559,-0.0246842105263157,-0.0421664626682986,0.2398753092342569,0.1687800656432093,0.1759801311566333,0.3072322204337691,195.33414932680537,402.0838281603666,0
0.0201222953904045,0.0166491063029162,0.0018306679209783,0.107503816911823,0.1156270406411204,0.0681052497429193,0.1408477612908318,227.1194731890875,425.1587538446643,0
-0.0400755667506297,-0.0124181360201511,-0.0089294710327455,0.3706717733510168,0.7615243588301951,0.4800497692113509,0.1533669327009652,510.2115869017632,511.4983773109044,1
-0.0084177997527812,0.0090828182941903,0.0017540173053152,0.4759589043136036,0.5982594071419498,0.3792126610960266,0.1098951154348032,495.69344870210136,511.2557118860061,1
-0.0555253239104829,-0.0373156654888103,-0.026944640753828,0.3730249910402258,0.4575272780190341,0.3472973837927658,0.1371079303789276,521.7420494699646,511.39744858833103,1
-0.0278054298642533,-0.0095984162895927,-0.0048178733031674,0.2182806646677658,0.2063229699186299,0.1775209747265808,0.0913725087312079,492.9841628959276,511.1647618687495,1
-0.0180796597061098,0.008014694508894,-0.0086372776488785,0.1562028862799066,0.1779982853154903,0.1822922975193782,0.1875655351776042,510.3132250580047,511.4986232290729,0
-0.0171879194630872,0.0142665388302972,-0.0089721955896452,0.1019010911405418,0.148697966485805,0.1238120006267818,0.1364798170392782,494.33557046979865,511.2119250945764,0
-0.007586383313656,0.0009582841401023,-0.0075765446674537,0.2460595224387533,0.3288702481725357,0.35546988062826,0.051200959671393,494.7922077922078,511.2270529613444,0
-0.1331086749285033,-0.0122230695900857,-0.011025738798856,0.325956762283028,0.4241237204176303,0.308937050771546,0.5547488181025979,512.9628217349857,511.4979082582564,0
-0.0951674641148325,0.0459387559808612,-0.0011081339712918,0.1943416015169478,0.3325274562616302,0.2204031034717136,0.393523193791455,502.2,511.4154475570718,0
-0.0185018450184501,0.0138025830258302,0.0001937269372693,0.1279526369516039,0.1319529008305934,0.1731149750113918,0.2165295898385079,492.62546125461256,511.1516426532823,0
-0.187969957081545,0.0180429184549356,-0.0651545064377682,0.4487177835923325,0.44447958464062,0.2257308866976466,0.5744888700245762,504.9141630901288,511.4576001509769,0
-0.1364093067426401,-0.0864577397910731,-0.0552668566001899,0.6761665861465478,0.7764384508556754,0.6556210136907398,1.0994932110354128,505.1851851851852,511.4610181762189,0
-0.3392179732313575,0.0056529636711281,-0.0516864244741873,0.3165585865538005,0.5320110166359345,0.2970852784381169,0.7204260229678873,500.7418738049713,511.3868523151253,0
-0.0211610738255033,-0.0085129434324065,-0.071443911792905,0.5136110676388779,0.4369256367584996,0.3149589930069834,0.6335961113388962,511.00958772770855,511.49976490297934,0
-0.0991382268827454,0.0052964728312678,0.027023832221163,0.1752085369428035,0.3318157930129338,0.1119478480827859,0.2796452878979446,503.210676835081,511.4328275751054,0
-0.0374897466827503,-0.002437876960193,0.0097876960193003,0.3929606271354744,0.2936608254413078,0.2329514687067177,0.1324901483750012,409.69360675512667,501.26610527191065,1
-0.0148820023837902,0.0210584028605482,0.0073098927294398,0.3840928903438294,0.197824316595066,0.4253690838349524,0.097039962398809,417.0035756853397,502.6954105536907,1
-0.0539445114595898,-0.0295753920386007,-0.0280772014475271,0.3593346878749189,0.2765843417762459,0.5437546822549619,0.1279589091575295,438.0759951749095,506.2026921258372,1
-0.0208906789413118,-0.0233325661680092,-0.0074856156501726,0.2104474946462328,0.2489922078084797,0.2896685083501473,0.106521124582486,446.1645569620253,507.3100924316721,1
-0.0078787671232876,0.0075136986301369,-0.0123219178082191,0.130470349179108,0.1205258590056916,0.1332338059722691,0.1236778929257343,412.0027397260274,501.72955384148287,0
0.0007633654688869,0.0002611744084136,-0.0166213847502191,0.0687513021702931,0.1114832363216179,0.1116142978277869,0.1136170890753751,433.9456617002629,505.5863671133646,0
-0.0418593091828138,0.0018837405223251,0.0009317607413647,0.2538260744644648,0.1874989153716274,0.6114425741307707,0.1627694498430583,431.78011794439766,505.2494338493025,0
-0.0826817307692307,0.0038788461538461,0.0102711538461538,0.1917437584303709,0.2388713459943033,0.2058537651573025,0.2791547431354164,450.5134615384615,507.851249999918,0
-0.0571363203050524,0.0084061010486177,-0.0701687321258341,0.2974844317548525,0.6720473088408736,0.4011446410050462,0.6915242228638397,451.5243088655863,507.971619751487,0
-0.0276367112810707,0.0240038240917782,-0.0127447418738049,0.0687597443140439,0.2290474079542024,0.143849556417564,0.2257937660426888,414.67686424474186,502.2524568207893,0
-0.0786167097329888,0.0060378983634797,-0.0421869078380706,0.3100769769614358,0.2817780788669516,0.1957628169065907,0.3989049457513102,401.7984496124031,499.5976579634431,0
-0.0252628571428571,-0.0001923809523809,-0.0152761904761904,0.2812155137822889,0.2970479344660076,0.3160815535280817,0.455692373248148,464.7342857142857,509.3576523105812,0
-0.1951024258760108,-0.0168391734052111,-0.0640566037735849,0.2492485027111071,0.3979999257428578,0.356542009226378,0.5844796173626825,416.3692722371968,502.5757600952511,0
-0.0566325187969924,0.0118665413533834,-0.0334248120300751,0.4150834585376179,0.5287472986909723,0.4318215875156238,0.6575410437629426,451.8890977443609,508.0145572050752,0
-0.0443479504289799,0.0352716873212583,0.0065576739752144,0.1386316693628385,0.2681267388971919,0.1922644765486855,0.2753541107682699,448.5986653956149,507.61764361080594,0
-0.0316612339930151,-0.0061722933643771,0.0046554132712456,0.2119599277344251,0.555593320441269,0.2374258980098502,0.1136183603057903,413.2491268917346,501.975114854774,1
-0.013679180887372,0.0091672354948805,0.0063993174061433,0.1926502472888212,0.1917579604006028,0.2280252486857856,0.094678635811861,449.23549488054607,507.69615066713817,1
-0.1086547756041427,-0.0129332566168009,-0.0347928653624856,0.7941713896414708,0.531497071569847,0.6031219227967699,0.2211227868584099,459.1139240506329,508.8103271815807,1
-0.0402700729927007,0.005800834202294,-0.0120396246089676,0.3449579186544856,0.2926153203671842,0.2868131619701523,0.1437142046362906,418.16058394160586,502.9115264237618,1
0.0043522891566265,0.0029816867469879,-0.017338313253012,0.0753687400497545,0.0791215666884015,0.0742220066222572,0.1021222031430996,460.4732530120482,508.948446398874,0
-0.0011683501683501,0.0149351851851851,-0.0110631313131313,0.0535097487103272,0.0863189119095493,0.0639054321916028,0.0847025955080943,487.3888888888889,510.93140862642974,0
-0.0827277734067663,0.0411966955153422,-0.0295712037765538,0.4492511750245022,0.5192175290827371,0.556981437782862,0.2339729970733074,443.4878048780488,506.9581751137796,0
-0.0990514981273408,-0.0364016853932584,-0.0596647940074906,0.2977990835520188,0.3675446273152697,0.3177741996198853,0.5067571009539177,393.6825842696629,497.7462270581515,0
-0.0194649280575539,-0.0237562949640287,-0.0059487410071942,0.2190060415878366,0.2213290808066873,0.1821038671079808,0.3279033187601927,413.06384892086334,501.93881515651424,0
-0.0111628334866605,0.0272621895124195,-0.0100395584176632,0.0722581502294658,0.1628597815348288,0.1220290783019807,0.1810654425892524,408.44710211591536,501.0113274544722,0
-0.0940156121610517,0.001341002465078,-0.0700287592440427,0.3328116158645466,0.3350044843075145,0.2655127718973484,0.4613793143707129,487.5431388660641,510.9386644252021,0
-0.010493163172288,-0.0117620783956244,-0.0194840474020054,0.2187331724455581,0.3952859838482212,0.4664633300267493,0.575861670803472,413.11668185961713,501.94917343461,0
-0.3754076492537314,-0.0030764925373134,-0.1588470149253731,0.2615471741525045,0.6164565294738805,0.4275301212553819,0.837084260146065,465.6940298507463,509.44485776056825,0
0.0040592105263157,0.005468984962406,-0.0318562030075187,0.3122444357543095,0.2902730970010461,0.3381223209823408,0.48150781980716,417.2763157894737,502.74660350299234,0
-0.0082156308851224,0.0083578154425612,0.0022928436911487,0.0413813465046505,0.0691665341373165,0.0706347593834392,0.0919971036816914,431.54802259887,505.2127584588984,0
-0.0943816651075771,0.0501272217025257,0.0511000935453695,0.0779427861009521,0.3358998535242508,0.127150869374845,0.3268028750706097,427.76520112254445,504.5995773451976,0
-0.0266519208381839,0.0080558789289871,-0.023802095459837,0.2576606428944398,0.3676050851440467,0.5744773120160797,0.1096728601517588,287.011641443539,459.6055122304625,1
0.0066400476758045,0.0219558998808104,0.0074982121573301,0.1949501733180962,0.7140492460792432,0.3042482671143677,0.119080203618337,403.5911799761621,499.9879364155329,1
-0.0445653235653235,-0.0337814407814407,-0.0608351648351648,0.5926920921207758,0.4189231731517615,0.5790409851218289,0.1556406621893422,264.8058608058608,448.0783990411306,1
-0.0268987194412107,8.032596041909372e-05,-0.0228393480791618,0.1980223414583244,0.1671499903539641,0.2742408716458309,0.0910604804087291,270.3387660069849,451.0803799978073,1
-0.0168203422053231,0.0307290874524714,-0.0264942965779467,0.1087206236039927,0.1544254585026964,0.1507831992013278,0.17844615612229,347.15874524714826,484.3802246027992,0
-0.0058336397058823,0.0021378676470588,-0.0089411764705882,0.1217546988795608,0.1164483890658917,0.1081658594818136,0.1245372369035661,266.0928308823529,448.7845489159165,0
-0.0146193071233943,-0.001175165434021,-0.0085293888672635,0.3346361268030725,0.1702340055648799,0.338602242178614,0.0429004786769958,320.558583106267,474.52463088296446,0
-0.0145331491712707,0.0248333333333333,-0.0022891344383057,0.1503503223648104,0.2479092591399964,0.2121351579560907,0.3018139584861231,307.08839779005524,468.8796720715916,0
-0.0587704918032786,-0.030639344262295,0.003953712632594,0.0825663426717461,0.1890332485557784,0.1077844905865374,0.2049039560324888,311.73384763741564,470.8776214370872,0
-0.0754714548802946,-0.0293738489871086,0.0081813996316758,0.1757658396863445,0.2581159321976194,0.3296216443441487,0.3555999782552974,311.79834254143645,470.90497768477934,0
-0.0025330882352941,0.0155450367647058,-0.012094669117647,0.0974780744993963,0.12409549140237,0.1061567464861412,0.1544468120273508,306.52389705882354,468.6331691451729,0
-0.1284884462151394,-0.0188533864541832,-0.0242470119521912,0.2796497205454913,0.3707904499678177,0.3053881357994896,0.5138757470135428,291.004780876494,461.53451479133946,0
-0.0272381413359148,0.0344772507260406,-0.06175701839303,0.1605050095789335,0.5701962398180175,0.482473027913182,0.6748705133454973,288.1829622458858,460.1757823361933,0
-0.1434114002478314,-0.0448754646840148,-0.0883810408921933,0.19369517504723,0.3546886027729841,0.3381655928546518,0.4865517719406946,330.85873605947955,478.54047243882223,0
-0.1249344262295081,-0.1692227579556413,-0.1059855351976856,0.3380889247841471,0.3677720059409374,0.1876967762891582,0.5495006422617641,298.90935390549663,465.2284032527697,0
0.0056948529411764,0.0115983455882352,-0.008078125,0.0329414405106933,0.0656081384292015,0.0586210753685628,0.0665244202885766,278.31617647058823,455.25548260751793,0
-0.0226158008658008,0.0049783549783549,-0.0034480519480519,0.15347648341832,0.188246716761063,0.1592839038321657,0.0793859875794701,365.3571428571428,490.1780444962038,1
-0.0140349576271186,0.0159364406779661,0.0129184322033898,0.2784219374636545,0.5837576716971669,0.3120102615368951,0.1406825194510564,355.4491525423729,487.1143428475047,1
-0.0453601841196777,-0.0340690448791714,-0.0064959723820483,0.6426182331894917,0.6467582451611251,0.393106033470738,0.1972760229003509,373.17721518987344,492.44193282291815,1
0.0112907117008443,0.0209445114595898,-0.0077985524728588,0.6837803551664496,0.5048686072156819,0.6953761236823787,0.1547770721101234,336.8866103739445,480.7727261017407,1
-0.0787817772778402,-0.0654611923509561,0.0225714285714285,0.5218942004164612,0.4922139864418441,0.4378571294615904,0.177953910719403,484.4578177727784,510.78466145763406,1
-0.0398745454545454,0.0076763636363636,-0.0218981818181818,0.2113596690849568,0.2579389969907517,0.2560734280282684,0.2843265619670376,372.0,492.1097438580138,0
-0.0722126058325493,0.0293038570084666,-0.0408918156161806,0.1786990984333329,0.2447636117541442,0.2647763367861924,0.2836564776861832,379.17403574788335,494.0871271190412,0
-0.0239734799482535,-0.0123583441138421,0.0022729624838292,0.4137474668301061,0.1972257777875586,0.4162092971679637,0.0736048112944336,347.3965071151358,484.4608277487328,0
-0.1100157699443413,-0.0276539888682745,-0.0354591836734693,0.4294636132585506,0.4042990727197939,0.3843950886016594,0.6205299885687359,457.4081632653061,508.6318149690081,0
-0.1162270114942528,0.0054319923371647,-0.0982624521072797,0.2186149434163606,0.4693377928163919,0.3112806695842555,0.5316696376178118,362.5574712643678,489.3346228643906,0
-0.0123648393194707,-0.0213950850661625,-0.0330633270321361,0.1801825716927094,0.2984793230521053,0.1742784551275173,0.3348525690062486,416.74196597353495,502.6461628098232,0
-0.0354990403071017,0.0201880998080614,-0.0091986564299424,0.1665058387471469,0.269863676988604,0.1811468102661373,0.3174311826873059,328.8915547024952,477.79326670227175,0
-0.1100944680851063,-0.0039812765957446,-0.0663574468085106,0.3191687774870678,0.3790968164535002,0.2868424222643898,0.5093050398895631,398.752340425532,498.9190468006607,0
-0.0605789049919484,-0.0353985507246376,-0.0240120772946859,0.1442037853064459,0.8601513478204402,0.6771230932622356,0.9596376157190636,397.0096618357488,498.52202806599774,0
-0.4143307692307692,0.0438557692307692,-0.1141634615384615,0.3433370935720247,0.5808576983530017,0.5033549254478723,0.8781126942748598,400.3471153846154,499.276763170167,0
-0.0536033519553072,-0.0164469273743016,-0.0632746741154562,0.2956663008841594,0.363598643342188,0.3024287070999587,0.5151616090091637,441.9664804469274,506.751753483461,0
-0.0361788461538461,0.0056096153846153,0.0026865384615384,0.1545345702380818,0.3151702310227426,0.234896830486563,0.3704969796827408,341.3278846153846,482.3626241175047,0
-0.0593150816522574,0.0382065321805955,0.0517060518731988,0.1130906934732363,0.2869456575214111,0.1779273509633063,0.3053933438487015,392.1008645533141,497.3691752155375,0
-0.0099924242424242,0.0176331168831168,-0.0095400432900432,0.1884843998590518,0.2411660764613041,0.1966853066916702,0.0999365071013537,398.57142857142856,498.8781291609224,1
-0.023189384800965,0.0299445114595898,0.0243377563329312,0.2071496119254195,0.4202614032979507,0.2405222088816158,0.1011502344908886,372.6731001206273,492.30005268116986,1
-0.0734834930777423,-0.017689030883919,-0.0033716719914802,0.571899320971004,0.2572637230800561,0.3527560607994578,0.1794581379788838,310.4952076677316,470.3502136275284,1
0.0008239355581127,0.0172428078250863,-0.0068803222094361,0.4166576748641221,0.3480353337212591,0.3039563470897503,0.1238111147796176,288.4177215189873,460.2896338477763,1
-0.0353234323432343,-0.0058921892189218,0.0061529152915291,0.2809239644981594,0.298766266680508,0.3120197903246,0.1433554453688805,307.23762376237624,468.9446999953826,1
-0.0071303052866716,0.0097006701414743,-0.0052524199553239,0.1843584844244531,0.1944168316911441,0.1621559819869246,0.2049921203105343,344.3008190618019,483.4011624868064,0
-0.0330976532929598,-0.0011930355791067,-0.0218115064345193,0.1455293774440819,0.1530628301027616,0.2094951793669078,0.1683964808448574,302.7956093868282,466.984718528117,0
0.0005255033557046,0.010396644295302,-0.0125691275167785,0.37335971780547,0.2039256980478667,0.5026270271711053,0.111575403905785,312.39261744966444,471.1565559492453,0
0.040043956043956,-9.890109890109858e-05,0.0043727106227106,0.1842917436724036,0.1943283335172296,0.2074118624473087,0.2494115754364357,391.5879120879121,497.2457553087445,0
-0.1627141600703606,0.2117423043095866,-0.0403315743183817,0.3934136354629589,0.8987039722906809,0.5060152086427172,0.8941530061930382,349.9973614775725,485.3340578923904,0
0.0505266159695817,-0.0016197718631178,0.0104990494296577,0.1143442963723286,0.1813334740487656,0.1764077139980896,0.2312933536875863,339.37927756653994,481.6707453323108,0
-0.2332933220625528,-0.0103736263736263,0.01840067624683,0.436638524831548,0.455930014628718,0.3690958957871891,0.6608722425430498,368.3837700760778,491.07025437544377,0
0.1878108882521489,0.4752378223495702,-0.0943868194842407,0.7136486408414547,0.7629546170271292,0.5278544417628198,1.1731925413695583,395.7163323782235,498.2232354196761,0
-0.1344808946877912,-0.0307688723205964,-0.0395470643056849,0.1850138551985114,0.3671314671171123,0.2550531254589646,0.4773847498229756,286.0205032618826,459.12007857501214,0
-0.0898733944954128,0.0046853211009174,-0.0783834862385321,0.5524724514933931,0.5287549050373374,0.3608857270441384,0.7830245166960078,414.83119266055047,502.2821833268311,0
0.0212190121155638,0.0025396085740913,0.00515284249767,0.0538055552392739,0.0987333506279486,0.0818540567791964,0.1147678887978428,330.8303821062442,478.52976832180906,0
-0.0333488593155893,0.0164096958174904,0.0358726235741444,0.1336936191838859,0.2673331227123699,0.121057723291007,0.2349816446798558,301.45437262357416,466.38298041421245,0
-0.0513980582524271,-0.0094381067961165,0.0030861650485436,0.3688340120471965,0.722413861599684,0.212052569738888,0.1377440917347356,222.2293689320388,421.8468347653488,1
-0.0048381839348079,0.0006367869615832,-0.0176705471478463,0.2294071432581008,0.1921358254214922,0.177630877047344,0.0909753450386349,242.9476135040745,435.3296058245327,1
-0.0884353205849269,-0.0270326209223846,-0.008089988751406,0.7671675765997784,0.7897367761088501,0.5577438490255823,0.2322037475195035,355.57592800899886,487.1549381600735,1
-0.0019262295081967,0.0102728337236533,-0.0045819672131147,0.4152042757205782,0.272972928095015,0.3128185716002975,0.0985279693184121,256.3489461358314,443.3172562759137,1
-0.0497479861910241,-0.0263785960874568,-0.0149010356731875,0.3367227687954716,0.3216829637424488,0.2846694800567798,0.1437499409749799,242.50632911392404,435.05707099555735,1
-0.0086823324630113,0.0050574412532637,-0.0083777197563098,0.0721503546348386,0.1014253175833854,0.0914731483836554,0.0949204155979151,336.54830287206266,480.64972034950193,0
0.0063067765567765,0.0071117216117216,-0.0031492673992673,0.0748556378027389,0.070523269027502,0.0593078875145736,0.0799310171779762,311.02197802197804,470.57498095816754,0
-0.054657120743034,-0.0056191950464396,-0.0427120743034055,0.5118552147988602,0.3673029564252552,0.5909656413320626,0.1962681874075526,250.20743034055727,439.7254177788285,0
-0.079377358490566,-0.0266132075471698,-0.0219603773584905,0.2054368173002502,0.1854750642221272,0.2109750730510934,0.3006708812142714,231.622641509434,428.1365602285598,0
-0.0815847457627118,-0.0096158192090395,-0.0229369114877589,0.1420334363994754,0.3539179169710718,0.1738747865732799,0.3657845244239379,235.0395480225989,430.3508667267339,0
-0.0316707779886148,0.0034905123339658,-0.0390815939278937,0.2118626545718736,0.2386003649629618,0.4206177044591445,0.4092492170021342,246.52941176470588,437.51895658387446,0
-0.0110539823008849,0.0086787610619469,-0.0271247787610619,0.1222800995650069,0.2150906587832446,0.1966475068552476,0.2696268983392234,248.0548672566372,438.43917712019294,0
-0.0670542279411764,-0.012172794117647,-0.0487068014705882,0.2139388437399833,0.2260374397888778,0.1779833194784374,0.3240650811612406,323.4485294117647,475.6773007087916,0
-0.0368564981949458,0.0120830324909747,-0.0428971119133574,0.2124132955057026,0.8857538093596528,0.2918555943784499,0.8190437673294276,261.2897111913357,446.1244908927158,0
-0.1162632933104631,-0.0274425385934819,-0.0906166380789022,0.1397236741542794,0.2988614754666179,0.215019157543751,0.4029836326925754,268.47169811320754,450.0772094674669,0
-0.0293333333333333,-0.0061610169491525,-0.0503323917137476,0.2596960993741181,0.2609416445685745,0.2755680106594368,0.3894868004244923,262.4929378531073,446.79719448646216,0
0.0013498134328358,0.0079542910447761,-0.0118544776119403,0.0267097762156027,0.0524197748826825,0.0624723767203179,0.0711000739531194,246.2070895522388,437.3235891947245,0
-0.070440150801131,0.016325164938737,0.0353741753063147,0.0647026654743616,0.2822325676817304,0.1212180035511354,0.28048652819502,242.0103675777568,434.7500293466629,0
-0.0352794279427942,-0.0067139713971397,-0.0039141914191419,0.3078950234452954,0.5032700412991682,0.1804014570511956,0.1187305630485729,289.23102310231025,460.6829190548031,1
-0.0229582836710369,0.0097520858164481,-0.0059892729439809,0.6999016153744245,0.7253193718771901,0.3965993058744445,0.158802057188077,318.23957091775924,473.5848989895563,1
-0.0504318455971049,-0.0276948130277442,-0.0352653799758745,0.7286181092276135,0.4544513119343072,0.2797721234023473,0.1766236668276034,420.7997587454765,503.3941956721106,1
-0.0077497020262216,0.0019117997616209,-0.0071072705601906,0.4679200820049665,0.4544270482279011,0.4860289925303173,0.1620956553313923,392.61740166865314,497.4928922245901,1
-0.02975,-0.0336481900452488,-0.0143404977375565,0.2785806822982774,0.324749694051152,0.2619571622914143,0.122517913313979,283.5237556561086,457.8854463890006,1
-0.0126583172768143,0.0172466281310211,-0.0352350674373795,0.1408148874029902,0.137702058681735,0.1023378237211476,0.1584548554252013,380.4219653179191,494.4196586138977,0
0.0081140684410646,0.0088260456273764,-0.0033526615969581,0.0725772717344842,0.0734745834740308,0.0548631391085112,0.0878227459524586,435.6501901140685,505.8448935595456,0
-0.0180206033848417,-0.0052693156732891,-0.0127637969094922,0.1324858591954583,0.1133362141903154,0.4836786976341966,0.098963032408355,182.1677704194261,391.37262622657727,0
-0.106393498716852,-0.0883293413173652,-0.0818845166809238,0.3497472275432038,0.3541699705083942,0.2984641487408833,0.4839756639366889,385.0470487596237,495.62274072382814,0
-0.0367356538099717,0.0427911571025399,-0.0288635936030103,0.3520180748784491,0.360396519942829,0.4406810508098476,0.5934577444439699,403.23330197554094,499.9105641001004,0
0.0125258620689655,0.0015402298850574,-0.0142978927203065,0.1157542329014436,0.1587127616756797,0.1938481412677305,0.238836910088615,210.67528735632183,413.6867682955892,0
-0.1601208981001727,-0.0702098445595855,-0.0751312607944732,0.2742437569633816,0.4063064707745129,0.2100271592939117,0.4942851792639547,447.8937823834197,507.5298011747806,0
-0.151247871333964,-0.0151721854304635,0.0241778618732261,0.2302096018686795,1.084768473944819,0.9065226806023754,1.2922971493228537,391.0047303689688,497.1047575678039,0
-0.1912042711234911,-0.0776629526462395,-0.1147539461467038,0.2204051327121523,0.4183118221488596,0.253316940648336,0.5556644908262289,324.8523676880223,476.2298933837867,0
-0.018614139693356,0.0020238500851788,0.0008603066439523,0.2314167685975759,0.2705230049263392,0.3149598025922816,0.4172227401855728,373.8219761499148,492.62258550409086,0
-0.0064065460809646,0.0106744186046511,-0.0037691645133505,0.1440103837241265,0.101035853513942,0.1035608736591611,0.1798942113443125,228.21447028423773,425.8891389242745,0
-0.0421091081593927,0.0081821631878557,0.0348918406072106,0.1049500940971816,0.2108034981307547,0.1048517235777236,0.2211684301286447,205.76470588235293,410.0709449970771,0
-0.0393587604290822,0.0034624553039332,-0.0273587604290822,0.3104565921439176,0.5213665441719617,0.4870010230378797,0.1491378282915333,480.4076281287247,510.5541248598608,1
-0.0319871194379391,-0.0181838407494145,-0.0079039812646369,0.3280765084312536,0.5253940933451925,0.2579886126747919,0.0876416103624611,469.57377049180326,509.778816036157,1
-0.0271858513189448,-0.0496750599520383,-0.0428429256594724,0.6296311338711442,0.5098112936032587,0.4509540092882191,0.1586551834960678,499.2338129496403,511.3529022653979,1
0.000473933649289,0.0031883886255924,-0.0098364928909952,0.4038740454414084,0.2921932933365569,0.3509098016659491,0.1137898363924996,431.5023696682464,505.2055315822503,1
-0.0071183628318584,-0.0045033185840707,-0.0139524336283185,0.1564666280089959,0.2387464775027276,0.2992106336152072,0.1014590685309469,470.76106194690266,509.8750718816385,1
-0.0120470809792843,0.0177784055241682,-0.0193728813559322,0.0941314725790338,0.1540536971488893,0.1404738874753767,0.1570765723129419,496.4086629001884,511.27732351879234,0
0.0020466666666666,0.0198028571428571,-0.0162038095238095,0.0595057157185308,0.1098907431060877,0.1049782852138474,0.1230209957536249,511.5,511.5,0
-0.0045907680372381,0.0007808378588052,-0.0095643910007757,0.2220410498012698,0.3437817570764914,0.350830375827432,0.0489253969543921,430.1520558572537,504.9898632485098,0
-0.1315804749340369,0.0265259454705365,-0.0139912049252418,0.2291830945800479,0.3502297568343032,0.213836431114558,0.3896033965886147,486.75725593667545,510.901210231701,0
-0.0625203405865657,0.0472450331125827,0.0105430463576158,0.1320805845182998,0.2499508854998909,0.1922392132969642,0.2996139937615996,462.6244087038789,509.1595295930878,0
-0.0202493150684931,0.0201662100456621,-0.0069442922374429,0.1410176741310786,0.2408018601351334,0.2455514781130313,0.3046813542609872,464.3205479452055,509.3194962926605,0
-0.0453536679536679,0.02883861003861,-0.0358532818532818,0.2525733625907671,0.2522943021154487,0.1521936079600626,0.3312690230149986,497.6756756756757,511.313150678697,0
-0.15159558117195,-0.028819404418828,-0.0086330451488952,0.4344060225747958,1.0950362540759386,0.8155146426613379,1.2861372508362128,521.8184438040346,511.39591288693634,0
-0.0635965703971119,0.0347129963898916,-0.0789801444043321,0.1468245861077454,0.300804695043704,0.2215684970471516,0.3764034225183494,490.264440433213,511.0589995390801,0
-0.1909056785370548,-0.128414821944177,-0.2340587102983638,0.5182508531880308,0.8853033064328222,0.336289149580784,1.0012785793147987,480.4850818094321,510.5588358354328,0
-0.282341650671785,-0.0203992322456813,-0.0737610364683301,0.1825579611699438,0.4803027595231497,0.2121277896326513,0.5597724696273159,438.8493282149712,506.3142600097138,0
-0.0164937428896473,0.01139590443686,-0.0120682593856655,0.3113816283080386,0.2552342612754925,0.2042633700664296,0.0854469256927341,452.7269624573379,508.1121727119011,1
-0.0236766398158803,0.0073716915995396,-0.0083463751438434,0.2207546533080982,0.3649954977788968,0.1248347987332761,0.1006326476286194,339.0379746835443,481.5486474113973,1
-0.0238837744533947,0.0056985040276179,-0.0099309551208285,0.2438241817395136,0.4685069385267464,0.1714332859376968,0.1080754691449919,496.7848101265823,511.28828774673616,1
-0.0327840269966254,-0.017503937007874,-0.0154836895388076,0.3914010519938513,0.236619723193297,0.2087281912750562,0.1021705489985133,491.3622047244094,511.10343297755145,1
0.0026626936829559,-0.0038736591179976,-0.0044958283671036,0.446947103581237,0.2278206815489718,0.265840600647832,0.1016237711798526,475.53039332538737,510.2337086038844,1
-0.0665320366132723,-0.0036384439359267,-0.0283020594965675,0.4399247304078918,0.4855254835076487,0.5602531895927481,0.1776066160044949,509.1590389016018,511.4946430815633,1
0.0028252957233848,0.006648771610555,-0.0063521383075523,0.0345337652650834,0.0568927636587098,0.0448080195855217,0.0623098697660959,495.21019108280257,511.2405423334902,0
-0.0144586614173228,5.984251968503977e-05,-0.0127527559055118,0.2302188916116596,0.2760979576991552,0.3442826781765312,0.0537419003311719,484.1125984251968,510.7662677144805,0
-0.0863437213565536,0.024250229147571,-0.0825224564619615,0.2114202120271677,0.2035108770403513,0.1915143620478441,0.3089296447368777,461.3345554537122,509.0340638635821,0
-0.0137670349907918,0.0157633517495395,-0.0532716390423572,0.1767667305656104,0.1995336556199121,0.1297325796950408,0.2789871268579348,444.61878453038673,507.1086205314471,0
-0.0447435897435897,0.0655308641975308,-0.0132032288698955,0.1043722189317615,0.1808538108507895,0.1191244192599835,0.2227171044070276,481.8689458689458,510.6410193385198,0
-0.0032341430499325,-0.0096754385964912,-0.0250580296896086,0.2235324033009089,0.1427449120268669,0.1523031084662409,0.2562266086914881,512.1902834008097,511.4995342215148,0
0.0365479846449136,-0.0242456813819577,-0.0409481765834932,0.1119928710575962,0.2225794195112988,0.2336341678301212,0.3035976219164039,438.8493282149712,506.31426000971385,0
-0.2547212669683257,0.0002461538461538,-0.0959203619909502,0.2897721591325666,0.3619215422666911,0.4531926472905755,0.663953632170364,423.0868778280543,503.8009228135738,0
-0.0010429223744292,0.0170529680365296,-0.1314063926940639,0.1361868209940459,0.2678679271919865,0.1178084900354395,0.3177507804379796,404.5287671232877,500.1893694760377,0
-0.6531220657276996,0.1552215962441314,0.0025474178403755,0.3648233788780736,0.8581305085326166,0.3626191963401349,1.1172940928566804,489.887323943662,511.04319018423854,0
-0.0205972696245733,0.0040204778156996,0.0074698521046643,0.4980354299222561,0.6269419882979699,0.4791733792291332,0.1369923574360997,280.481228668942,456.35794864633215,1
-0.0161481042654028,0.0005521327014218,0.0080390995260663,0.4949577420889102,0.234254582383119,0.4315779650774833,0.1230064848715921,271.50710900473933,451.70306869860536,1
-0.0517640966628308,-0.0371484464902186,0.0007721518987341,0.348245394214012,0.6066202697953519,0.4796673507940778,0.153793968486325,288.4177215189873,460.2896338477763,1
-0.0215615650172612,-0.0249240506329113,-0.0289838895281933,0.6052052348123494,0.3013321458554079,0.6646091419723,0.1623875641869772,328.44303797468353,477.6216061424168,1
-0.0061978417266187,-0.0083908872901678,-0.0052685851318944,0.4253929659584753,0.4897700759571267,0.3553756546523423,0.1349150059945609,343.45323741007195,483.1071678034226,1
-0.0630446320868516,-0.0452798552472858,-0.0142436670687575,0.3760292242650062,0.3844946538121326,0.2681191172079433,0.1241489865968748,372.6731001206273,492.30005268116986,1
-0.0185246872942725,-0.0215200789993416,-0.0250776826859776,0.1194547047241272,0.1577253367563318,0.1510505864923602,0.1696248138277672,276.7959183673469,454.4735900632433,0
-0.0115352,-0.0138992,-0.0215264,0.0774364511128964,0.1037643765430121,0.1367158502260802,0.1312148975866198,270.072,450.9376573496607,0
-0.029300157977883,-0.00497551342812,-0.0370797788309636,0.1908574440089364,0.2826037622648031,0.4199551102001325,0.1473055424757685,283.62796208530807,457.9373148549976,0
-0.0435546058879392,-0.0053124406457739,0.0067996201329534,0.3953570808486568,0.3462684791398144,0.3126604351243748,0.5436339767175549,235.1054131054131,430.39317180384097,0
-0.0470840415486307,0.0144457034938621,0.0107327667610953,0.2084549111245804,0.3127047433198928,0.2072227828926097,0.3621442374738766,292.699716713881,462.3404438656801,0
-0.1297790585975023,0.515433237271854,-0.3217319884726224,0.2094095610263721,0.4252598319820449,0.3262565367706451,0.7924370146451059,231.9193083573487,428.3303478165152,0
0.0072873453853472,0.0172882968601332,-0.0042188392007611,0.1754547204179191,0.1877761832634809,0.2445354625651157,0.2701238312537802,307.581351094196,469.0942705133282,0
-0.1512262415695892,-0.065740036787247,-0.0326658491722869,0.4358803445324891,0.414161728463766,0.3295988056844932,0.5213765726254164,246.498467198038,437.5002144143596,0
0.1334269340974212,0.2667908309455588,0.1247936962750716,0.342565446532529,0.6142194751863241,0.5163780678138774,0.8254874665738525,278.4670487106017,455.332728467165,0
-0.0892204940530649,-0.1755809698078682,-0.003775846294602,0.3536718901908834,0.3306595589142203,0.2452463333625203,0.5363686129513863,254.580054894785,442.29446278145207,0
0.0012764537654909,0.0411696854146806,0.0148226882745471,0.4457639834169345,0.5839970828276353,0.3607578785292085,0.7208565936008298,275.01048617731175,453.5470866976311,0
0.0156583493282149,0.0032034548944337,-0.0034011516314779,0.0436617865524628,0.0432245494727614,0.0329736752824067,0.0479123425914543,293.54798464491364,462.7409307621882,0
-0.0312664165103189,0.0147917448405253,0.0344924953095684,0.1473522802696553,0.308674625086032,0.1286762974712967,0.2742391455090526,262.9474671669794,447.0502079434594,0
-0.0405971394517282,-0.010834326579261,-0.0028152562574493,0.4188756586878279,0.6866211773645466,0.398666959870511,0.1795369909563657,185.33492252681765,394.0159796720343,1
-0.0176174016686531,0.0053301549463647,-0.0016924910607866,0.2438289328471251,0.2842393641751583,0.4383746617399938,0.0985696622453052,254.83551847437425,442.4427577926683,1
-0.0574427020506634,-0.0497322074788902,-0.0384246079613992,0.468533884193375,0.8422419035320028,0.5433394580113651,0.1984194291071188,471.394451145959,509.9252836946959,1
-0.0072098321342925,-0.0186798561151079,-0.0116534772182254,0.564743525625096,0.3318657046896228,0.5634974703639885,0.1259251053614726,354.4928057553957,486.80693396400704,1
0.0221917973462002,-0.0149167671893848,-0.0030759951749095,0.1970434256333104,0.3333965302602127,0.4635532095247322,0.1080117321636529,408.45958986731,501.0138958948015,1
-0.0198960612691466,-0.0239091903719912,-0.0042735229759299,0.2605164646720632,0.2463380366412808,0.3472405090669024,0.118550502123805,381.6663019693654,494.7478760497007,1
-0.0091154210028382,-0.0164862819299905,-0.0242715231788079,0.142502342488133,0.1332102216477964,0.1397155207849159,0.1472991099675654,250.66887417218544,439.9992884078278,0
0.0047962264150943,-0.0159990566037735,-0.0132358490566037,0.1141283702302825,0.121316866406043,0.141507600428373,0.1421213421298705,202.66981132075472,407.7452201563395,0
0.0131306679668454,0.0118366650414432,-0.0127654802535348,0.0635656081059447,0.196271178639401,0.2256504139384219,0.0434922943713259,230.93564115065823,427.6866733292701,0
-0.0120590440487347,0.0299737582005623,0.0019906279287722,0.2019127403468207,0.2004166869824496,0.2105650226845467,0.3123097032368441,225.30927835051543,423.9423555647009,0
0.0394976122254059,0.0938567335243553,0.0205300859598853,0.1267684897531659,0.2460421581001659,0.145204288466315,0.297093524737143,198.34670487106015,404.4344987138055,0
0.0770974456007568,-0.0026594134342478,0.0044503311258278,0.1941103738608534,0.2904599936935519,0.2704992819489454,0.3698671026398559,232.2800378429517,428.5655874344282,0
-0.1861842299189388,-0.1146742815033161,-0.0457280766396462,0.4175607413198876,0.5205820930198227,0.3688667988565233,0.6792588500805652,269.13117170228446,450.43268206202856,0
0.13878223495702,0.1101805157593123,0.0770066857688634,0.2142009347516745,0.3081248442735002,0.5049575364457601,0.5901888471850496,213.97994269340973,416.0697844115616,0
-0.3401684782608695,-0.1966539855072463,-0.108659420289855,0.385604476367671,0.507846470778981,0.4402297139385829,0.8345149017557542,232.5842391304348,428.7636275834875,0
0.3992655205348615,0.0755969436485195,0.1691824259789875,0.2718505899431289,0.5234807680587993,0.3482177108801603,0.763821078669651,228.63610315186247,426.16929248819207,0
-0.0203830798479087,0.0411188212927756,0.0185646387832699,0.1445856562563426,0.3391050738202332,0.218902648215987,0.3002208827203266,230.4667300380228,427.3786976142802,0
-0.0247272727272727,0.0005661680092059,0.0064027617951668,0.5477473886741508,0.6603445673116923,0.1922702327088837,0.1234691938685562,284.88607594936707,458.5612057581561,1
-0.0247272727272727,0.0005661680092059,0.0064027617951668,0.5477473886741508,0.6603445673116923,0.1922702327088837,0.1234691938685562,284.88607594936707,458.5612057581561,1
-0.0244052132701421,0.0135260663507108,-0.0195296208530805,0.4023650393631779,0.6123560846754352,0.1921658676419569,0.1127854116069525,279.9917061611374,456.1098112119699,1
-0.0126604215456674,-0.0059004683840749,-0.0190152224824355,0.2372946061749584,0.170533123760595,0.2537421952332964,0.0985051862556805,270.72365339578454,451.28594141179127,1
-0.0056630695443645,-0.0339808153477218,-0.039583932853717,0.3970145427428709,0.4172482162603894,0.4087213151511347,0.138314052052491,285.8021582733813,459.0127822184761,1
-0.0155591397849462,0.0026146953405017,-0.0180125448028673,0.1327810574837396,0.1675543359121801,0.1403510122965408,0.181682437362198,278.6666666666667,455.4348349532443,0
0.0018309726156751,-0.0234343720491029,-0.0383796033994334,0.1219484199702366,0.1257789785819679,0.1336349565224346,0.1488440293751931,286.90368271954674,459.5527654840714,0
-0.0141992141453831,-0.0021791748526522,-0.0098644400785854,0.262517713125585,0.0841151056618126,0.2206660343502044,0.0442493628031997,282.17917485265224,457.2135268709135,0
-0.058472433460076,0.0086311787072243,-0.002078897338403,0.2305907568590535,0.2504065684485628,0.2079399373364062,0.3201953529494879,348.1311787072243,484.7090655531513,0
-0.0062696310312204,0.0185922421948912,-0.0194673604541154,0.0565837943707289,0.1523711647929038,0.0762815647955592,0.1415939638686884,299.0605487228004,465.297463501621,0
-0.026758034026465,0.0029527410207939,0.0029792060491493,0.1988989780171038,0.3658973350140304,0.3052099087750797,0.4681965121891148,407.0727788279773,500.72667741821925,0
-0.1037968605724838,-0.0067183748845798,-0.0387349953831948,0.3408123250610298,0.3335838510658319,0.2153383323112278,0.4007174351376265,273.9335180055402,452.98390328219824,0
-0.0653783524904214,-0.003669540229885,-0.0058371647509578,0.2195866142980826,0.3258071306620069,0.2449696406203794,0.3421659586110357,427.2298850574713,504.5104535364684,0
-0.1181061185468451,0.0986051625239005,0.0333728489483747,0.2446715112036661,0.5371129055958995,0.3465827724423616,0.4330690849014401,270.9091778202677,451.3848760014898,0
-0.0329084249084249,-0.016053724053724,0.019052503052503,0.3497926546683224,0.3942542451415568,0.5654646513874269,0.1385768351571161,377.2234432234432,493.5605903029862,1
-0.0254197828709288,0.0093015681544028,-0.0075162846803377,0.2323866052011454,0.6306364149224577,0.2870127602106071,0.1418317438729944,371.4390832328106,491.9503934283765,1
-0.0544752475247524,-0.051052805280528,0.0039878987898789,0.5345490894532323,0.4687343390449874,0.5217765949475683,0.216579649075423,364.63366336633663,489.96176296095535,1
0.0023693045563549,-0.0520071942446043,-0.0211199040767386,0.53516175892758,0.4354182255295508,0.2985693344828232,0.1644728957983381,344.6798561151079,483.5320977910607,1
0.0174154228855721,-0.0030398009950248,-0.0024166666666666,0.579605271033568,0.3191149388339961,0.4848928632457894,0.131837608351326,301.5559701492537,466.42872374032567,1
-0.06216214511041,0.0050340694006309,-0.0119804416403785,0.2785456634785706,0.3209459855694663,0.4983438403488952,0.3130520391463396,337.55772870662463,481.01594179122776,0
-0.0908365217391304,-0.005799420289855,-0.0425014492753623,0.2633869582887455,0.3002436832524496,0.363110396632797,0.3501280981537741,286.44,459.325860800369,0
-0.006338220918866,0.0081177908113391,-0.0063054740957966,0.2109190844640789,0.3934720205978564,0.4491757913490682,0.0654279556051866,329.0,477.8346994515991,0
-0.0173225225225225,0.0450531531531531,0.0170243243243243,0.2162193800369124,0.3892208917570429,0.3132612448363751,0.424151732617355,245.1513513513513,436.681402584354,0
0.2777017543859649,0.096938134810711,0.2060858725761772,0.1582502099927762,0.3253367413148065,0.2139935299326769,0.5231417644700744,260.7091412742382,445.7983795165647,0
-0.005982292637465,0.055219944082013,0.0281910531220876,0.1127493680838961,0.1903344241168978,0.0967757076442081,0.2193728385396939,279.3466915191053,455.7818462393764,0
0.0508552253116011,0.0026433365292425,0.0387804410354745,0.1166165843520824,0.2001903296694974,0.1568728400316465,0.2282327746080756,349.17353787152445,485.0591404074895,0
-0.5170276845637584,-0.0354471476510067,-0.0134999999999999,0.773890854992885,0.7210626809259226,0.4329748489215715,1.0551876522243615,297.80285234899327,464.7211842447296,0
-0.0625013927576601,0.1363992571959145,0.0344233983286908,0.2422031101422757,1.2346697882044173,0.3974637710934325,1.1369691502909447,214.66852367688023,416.5613096098066,0
-0.4117214734950584,-0.0618041329739443,-0.1112030548068283,0.4161041100726982,0.5888867741723681,0.3569422604249613,0.855944858374975,256.43935309973045,443.3692776939061,0
-0.0111877767936226,0.089919397697077,-0.0147643932683791,0.3701791324102807,0.5014343073904677,0.4514146167119875,0.6884177825463919,207.49955713020373,411.3587008134965,0
0.0137302504816955,0.0177360308285163,0.002388246628131,0.0191567529895083,0.048754898696091,0.0372047987329071,0.0558660456325306,381.40751445086704,494.67989165080144,0
-0.0563864503816793,0.0097118320610687,0.0240753816793893,0.2497628846663688,0.5371630321104657,0.1954787796336678,0.4307032851159828,221.58492366412213,421.4041984996852,0
-0.0267856301531213,-0.0134734982332155,-0.0033451118963486,0.4039450670309844,0.7251131032801295,0.2831577365148112,0.1454653646478369,266.29328621908127,448.894105014493,1
-0.0195301478953356,0.000688282138794,-0.002881683731513,0.2469215904780968,0.5733836148044108,0.1855254435666154,0.1293217241626371,261.8600682593857,446.4438984693837,1
-0.0873668981481481,-0.0358796296296296,-0.0296006944444444,0.5514259846463134,0.9301319048989632,0.2355732941096377,0.2010935824142281,343.36805555555554,483.077529240732,1
0.0034939320388349,-0.0159890776699029,-0.0260521844660194,0.8091579630618986,0.4343546642955107,0.6324360579714068,0.1516865010892384,278.0970873786408,455.1431976640607,1
-0.0025327963176064,-0.0037663981588032,-0.0163993095512082,0.4540625800480487,0.86230142563507,0.2531727975277731,0.1512071316833457,306.0759493670886,468.43698553974906,1
-0.0105718677940046,-0.0004519600307455,5.995388162951564e-05,0.1216617471947744,0.146530383025166,0.1253819355588624,0.1718453497404327,334.185242121445,479.782999530485,0
-0.000650623885918,0.0079108734402852,-0.0184126559714795,0.0932922642226132,0.0788638184491337,0.079518772883489,0.1117907333856799,283.55882352941177,457.9029046306697,0
-0.0055988446726572,-0.0042509627727856,-0.0113279845956354,0.2142151544573322,0.1222685623163565,0.1107217000643027,0.0365971447985841,277.0898587933248,454.6252695346647,0
-0.0383726372637263,-0.0148244824482448,-0.0071557155715571,0.1413813036531273,0.1910899637189066,0.135164040287586,0.2225975265938049,284.5247524752475,458.3824680450567,0
-0.0238341232227488,0.0065488151658767,-0.0084369668246445,0.0748130432627943,0.0985213198281543,0.0633177465019047,0.1170993117691933,262.7800947867299,446.95711063893134,0
-0.0021727019498607,-0.0002311977715877,-0.0092349117920148,0.0672709006462524,0.1028838462702305,0.0739581148703009,0.1131875289460128,285.908077994429,459.0648480616136,0
-0.0042074569789674,0.0045822179732313,-0.0256529636711281,0.0791981322437241,0.1637866927326646,0.1204343677160432,0.1833877949518229,244.5028680688337,436.2852066487372,0
-0.0504719283970707,0.008713588283157,-0.0414694873881204,0.3193913203674476,0.2565108041841558,0.181353410455806,0.3651534330152706,303.820179007323,467.4412711265979,0
-0.0006151631477927,0.0187456813819577,-0.0026823416506717,0.082039143087223,0.2892872762848603,0.1248665231890703,0.2853331248936109,278.8214971209213,455.5139562054609,0
-0.1945571161048689,0.0087799625468164,-0.1043576779026217,0.2243309351395768,0.4017880043753468,0.3275655942074282,0.5602952665246733,293.10674157303373,462.5328471294253,0
-0.0081318575553416,0.0076987487969201,-0.0091385948026948,0.0512049321598291,0.0758988404590944,0.0757874163419792,0.0994988287173731,283.56496631376325,457.9059624185451,0
0.0038476881233,0.0078649138712602,-0.006871260199456,0.0422720585858432,0.0448888106749775,0.0397434852875276,0.0606598428350304,258.7642792384406,444.6986681463473,0
-0.0147239436619718,0.0173746478873239,-0.0128197183098591,0.0783534716263608,0.1226917183881057,0.0962268221512541,0.1515519231355466,270.87887323943664,451.3687221734321,0
-0.0419907940161104,0.0042508630609896,0.0131565017261219,0.3973288109801851,0.2569214602217966,0.5318310000002773,0.1201352025628462,466.17721518987344,509.4880716729832,1
-0.0462673733804475,0.0073486454652532,0.0207349823321554,0.5703944518921993,0.6122815610590346,0.500566526363574,0.1145453177556309,478.3639575971732,510.4255603845463,1
-0.0535116796440489,-0.0222035595105672,-0.0047919911012235,0.4094313762595761,0.255838658289175,0.5258456234401321,0.1269170209583041,495.0,511.233801699379,1
-0.0007859608745684,-0.0283452243958573,-0.0095293440736478,0.2241517758777298,0.2465453562649999,0.2012790358921498,0.0878477263279617,448.5189873417722,507.6077639718921,1
0.0029445114595898,0.0166658624849215,0.0007503015681544,0.3681518466672359,0.6060025861592795,0.1614458993678923,0.0952947170054546,435.6079613992762,505.83855969768285,1
-0.0300800681431005,0.0098781942078364,-0.0128705281090289,0.1548068656436828,0.2432717852189636,0.1992599047537685,0.2104019800306426,449.6320272572402,507.7446247363936,0
-0.0013784556720686,-0.0059837940896091,-0.0039837940896091,0.0864898741743678,0.0903058499979421,0.1059383183150276,0.0944741782707092,485.6568160152526,510.8467283261491,0
-0.0104616895874263,-0.0028506876227897,-0.0085159135559921,0.217190737169597,0.0831915281628685,0.3610124279383379,0.0429370522575186,487.98506876227896,510.9591940741308,0
-0.0904632282712512,-0.0225654250238777,-0.0839512893982808,0.1650828981482348,0.2480036842094435,0.190051158135018,0.3424946689595558,471.9283667621776,509.96699485642336,0
0.0056918767507002,-0.0050662931839402,-0.016234360410831,0.0689647761845196,0.0955305803238723,0.0482488702309098,0.1096395631729336,496.6946778711485,511.2856857341704,0
0.0120270531400966,-0.0126657004830917,-0.0277256038647343,0.1653155122539899,0.174010323233017,0.1410122825756527,0.2498661377744337,446.7594202898551,507.3863491845188,0
-0.1101609195402299,-0.042051282051282,-0.0281282051282051,0.3295240555622655,0.2983417610538606,0.3286581248815014,0.4573732951225689,434.1644562334217,505.6198806122319,0
-0.0042214765100671,-0.0213413231064237,-0.0336720997123681,0.2893205977506046,0.1691703133174759,0.3071317559158412,0.415135490800368,432.5436241610738,505.3693112114963,0
-0.1760009451795841,-0.0175765595463137,-0.0351379962192816,0.2208952633951461,0.34174108349187,0.2678440244073585,0.3770709999244025,483.4593572778828,510.7308218188232,0
-0.024010727056019,-0.0050286054827175,-0.0182407628128724,0.2236924206373646,0.2965691410770441,0.4236595623266266,0.1013102626618236,376.7663885578069,493.4360180892192,1
0.0442334123222748,0.0363518957345971,0.0925343601895734,0.2188909383963912,0.7800301386258435,0.1964828297177128,0.191875267417215,452.10781990521326,508.0401745370029,1
-0.0395653235653235,-0.0293382173382173,-0.0114468864468864,0.270818528770211,0.5373053139353332,0.2319991380335353,0.0933011414741194,318.5164835164835,473.6978070095495,1
-0.0173552036199095,-0.008920814479638,-0.0149411764705882,0.2156500392794959,0.1480131401506473,0.1924273881421592,0.074658927713822,214.0893665158371,416.14800863460704,1
0.0133410942956926,0.0115366705471478,-0.0015320139697322,0.2321396077966861,0.1494824739080753,0.186303306064445,0.0698184552267919,214.36554132712456,416.34524552248376,1
-0.0129215262778977,0.0013592512598992,-0.0339733621310295,0.0910946408011781,0.1310909250167898,0.1026560166271183,0.1413164025663308,466.2051835853132,509.4905588977679,0
0.0055791896869244,0.0072836095764272,-0.005110497237569,0.0645073317294802,0.0388689142347063,0.040852052389902,0.0579641534481263,481.3563535911602,510.611016901495,0
-0.0228952727272727,-0.006194909090909,-0.0076683636363636,0.1546494285779002,0.3323948755368733,0.5003705367198615,0.1266250238829404,269.328,450.5385359944252,0
-0.0698488805970149,0.0037108208955223,-0.0045027985074626,0.1746437459052615,0.2224827813949577,0.2073118054855074,0.2809254036604887,302.51026119402985,466.8570863485017,0
-0.0403215613382899,0.0298754646840148,0.0081514869888475,0.1133605490037194,0.2546730999471283,0.15266763078778,0.2743552268194292,278.567843866171,455.3842999476876,0
-0.0089410664172123,0.0171590271281571,-0.0074967259120673,0.0498046256523874,0.1447573853813333,0.0763087571373511,0.139870919921434,305.2731524789523,468.0841135538895,0
-0.0228845905867182,-0.0075274016763378,-0.0656795615731786,0.2453870668952001,0.173295431652084,0.18935826291905,0.2760590633913702,483.468085106383,510.73130092779417,0
-0.0115084269662921,0.0170983146067415,-0.0074082397003745,0.1551332063961131,0.3172238907909447,0.2339923451953288,0.3772059217283032,265.32865168539325,448.3658297294393,0
-0.0953010933557611,-0.0076711522287636,-0.0644701429772918,0.117468533476369,0.3042706765242631,0.138293267783639,0.3326612916093231,437.9369217830109,506.1825002143408,0
-0.0519537299338999,0.0020160528800755,-0.0174768649669499,0.1300022834577066,0.38973315575907,0.2489555561080807,0.4135926641615142,277.24362606232296,454.704520836962,0
-0.0076723973256924,0.0164450811843362,-0.0047163323782234,0.0780291904841083,0.0680726099231257,0.0629048093842125,0.1106404350137466,303.8710601719198,467.4638738403936,0
-0.0250371713508612,0.0054741613780598,0.0022565729827742,0.0359969460270878,0.1448692066924074,0.0435376098587004,0.1376623374333508,288.4433363553944,460.3020473599235,0
